{"cameraMode":{"drawMode":0,"name":"Shaded","section":"Shading Mode"},"sceneLighting":false,"audioPlay":false,"sceneViewState":{"showFog":true,"showMaterialUpdate":false,"showSkybox":false,"showFlares":true,"showImageEffects":true,"showParticleSystems":true},"in2DMode":false,"pivot":{"x":10.64651107788086,"y":1.270938754081726,"z":11.523674011230469},"rotation":{"x":0.07232821732759476,"y":-0.9095091223716736,"z":0.17850947380065919,"w":0.3684691786766052},"size":2.8578836917877199,"orthographic":false}